<?xml version="1.0" encoding="UTF-8"?>
<!--
   ====================================================================
   Licensed to the Apache Software Foundation (ASF) under one or more
   contributor license agreements.  See the NOTICE file distributed with
   this work for additional information regarding copyright ownership.
   The ASF licenses this file to You under the Apache License, Version 2.0
   (the "License"); you may not use this file except in compliance with
   the License.  You may obtain a copy of the License at

       http://www.apache.org/licenses/LICENSE-2.0

   Unless required by applicable law or agreed to in writing, software
   distributed under the License is distributed on an "AS IS" BASIS,
   WITHOUT WARRANTIES OR CONDITIONS OF ANY KIND, either express or implied.
   See the License for the specific language governing permissions and
   limitations under the License.
   ====================================================================
-->
<!DOCTYPE book PUBLIC "-//APACHE//DTD Cocoon Documentation Book V1.0//EN" "../dtd/book-cocoon-v10.dtd">

<book software="POI" 
      title="POI Project Documentation" 
      copyright="@year@ POI Project"
      xmlns:xlink="http://www.w3.org/1999/xlink">

  <menu label="Apache POI">
    <menu-item label="Top" href="../index.html"/>
  </menu>

  <menu label="References">
    <menu-item label="Live Sites" href="index.html"/>
    <menu-item label="XLS spec [PDF]" href="http://sc.openoffice.org/excelfileformat.pdf"/>
    <menu-item label="Apache Cocoon" href="http://xml.apache.org/cocoon/"/>
  </menu>


</book>
