<?xml version="1.0" encoding="UTF-8"?>
<!--
   ====================================================================
   Licensed to the Apache Software Foundation (ASF) under one or more
   contributor license agreements.  See the NOTICE file distributed with
   this work for additional information regarding copyright ownership.
   The ASF licenses this file to You under the Apache License, Version 2.0
   (the "License"); you may not use this file except in compliance with
   the License.  You may obtain a copy of the License at

       http://www.apache.org/licenses/LICENSE-2.0

   Unless required by applicable law or agreed to in writing, software
   distributed under the License is distributed on an "AS IS" BASIS,
   WITHOUT WARRANTIES OR CONDITIONS OF ANY KIND, either express or implied.
   See the License for the specific language governing permissions and
   limitations under the License.
   ====================================================================
-->
<!DOCTYPE book PUBLIC "-//APACHE//DTD Cocoon Documentation Book V1.0//EN" "../dtd/book-cocoon-v10.dtd">

<book software="POI" 
      title="POI Documentation Translations" 
      copyright="@year@ POI Project"
      xmlns:xlink="http://www.w3.org/1999/xlink">

  <menu label="Translations">
    <menu-item label="Main Index" href="../index.html"/>    
    <menu-item label="Guidelines" href="guidelines.html"/>    
  </menu>

  <menu label="Languages">
    <menu-item label="Spanish" href="es/index.html"/>    
    <menu-item label="German" href="de/index.html"/>    
    <menu-item label="Japanese" href="http://jakarta.terra-intl.com/poi/"/>    
    <menu-item label="Korean" href="http://jakarta.apache-korea.org/poi/"/>    
  </menu>

</book>
