<?xml version="1.0" encoding="UTF-8"?>
<!--
   ====================================================================
   Licensed to the Apache Software Foundation (ASF) under one or more
   contributor license agreements.  See the NOTICE file distributed with
   this work for additional information regarding copyright ownership.
   The ASF licenses this file to You under the Apache License, Version 2.0
   (the "License"); you may not use this file except in compliance with
   the License.  You may obtain a copy of the License at

       http://www.apache.org/licenses/LICENSE-2.0

   Unless required by applicable law or agreed to in writing, software
   distributed under the License is distributed on an "AS IS" BASIS,
   WITHOUT WARRANTIES OR CONDITIONS OF ANY KIND, either express or implied.
   See the License for the specific language governing permissions and
   limitations under the License.
   ====================================================================
-->
<!DOCTYPE document PUBLIC "-//APACHE//DTD Documentation V1.3//EN" "../dtd/document-v13.dtd">

<document>
  <header>
    <title>The Apache POI Documentation Translations</title>
    <authors>
      <person id="AO" name="Andrew C. Oliver" email="acoliver@apache.org"/>
    </authors>
  </header>

  <body>
   <section><title>Introduction</title>
      <p>
        The POI project has always had a very international following.  In fact even today POI is
        more popular in Europe than in the US where the original founders reside.  Today POI is
        developed by people from all over the world including India, Austrailia, Japan, and Russia.
        We recognize and welcome our geographically and culturally diverse users and contributors and
        wish to accomidate you as best as we can.
      </p>
      <p>
        Documentation has always been a cornerstone to POI's success.  No matter how fluent one is in
        a second language, it is always easier to comprehend concepts explained in one's native language,
        therefore, we encourage volunteers to come and help us translate the documentation into other
        languages.  Below is a list of the translations that are currently in progress and their status.
      </p>
   </section>
   <section><title>Languages</title>
      <table>
        <tr><td>xx</td><td>Language</td><td>Status</td><td>On/Offsite</td><td>Link</td></tr>
        <tr><td>de</td><td>German</td><td>Just beginning (help!)</td><td>On</td>
            <td><link href="de/index.html">link</link></td></tr>
        <tr><td>es</td><td>Spanish</td><td>Index page, some auxiliary pages translated</td><td>On</td>
            <td><link href="es/index.html">link</link></td></tr>
        <tr><td>jp</td><td>Japanese</td><td>Complete XML translations and built with FORREST</td><td>Off</td>
            <td><link href="http://jakarta.terra-intl.com/poi/">link</link></td></tr>
        <tr><td>kr</td><td>Korean</td><td>Conducted by <link href="http://jakarta.apache-korea.org/">Jakarta-Seoul-Project</link>.</td><td>Off</td>
            <td><link href="http://jakarta.apache-korea.org/poi/">link</link></td></tr>
      </table>
   </section>
  </body>
  <footer>
    <legal>
      Copyright (c) @year@ The Apache Software Foundation All rights reserved.
      <br />
      Apache POI, POI, Apache, the Apache feather logo, and the Apache 
      POI project logo are trademarks of The Apache Software Foundation.
    </legal>
  </footer>
</document>
